{
  "exportedBy": null,
  "bundleHash": null,
  "version": "1.0.0.0",
  "jitAssemblyCompilerCommands": [
    {
      "providerName": "CustomEntities",
      "bundleOptions": {
        "hash": "YDYCA2uDVtuoIRiyylKdoDiLx7g6w1Pb97NDBR3G89LSAhzI67oogv458xsvGyzak1X1htBwcPDLifUKRrAkDQ==",
        "bundleName": "C5FE343B9C4_v2_sub_generateChatCompletion_Create",
        "entitiesBundle": {
          "Types": {
            "message": {
              "name": "message",
              "properties": [
                {
                  "name": "content",
                  "type": {
                    "ClrType": "System.String, System.Private.CoreLib"
                  }
                },
                {
                  "name": "role",
                  "type": {
                    "ClrType": "System.String, System.Private.CoreLib"
                  }
                }
              ],
              "baseType": null
            },
            "choices": {
              "name": "choices",
              "properties": [
                {
                  "name": "message",
                  "type": {
                    "definitionName": "message"
                  }
                },
                {
                  "name": "index",
                  "type": {
                    "ClrType": "System.Nullable`1[[System.Int64, System.Private.CoreLib]], System.Private.CoreLib"
                  }
                },
                {
                  "name": "finish_reason",
                  "type": {
                    "ClrType": "System.String, System.Private.CoreLib"
                  }
                }
              ],
              "baseType": null
            },
            "usage": {
              "name": "usage",
              "properties": [
                {
                  "name": "total_tokens",
                  "type": {
                    "ClrType": "System.Nullable`1[[System.Int64, System.Private.CoreLib]], System.Private.CoreLib"
                  }
                },
                {
                  "name": "prompt_tokens",
                  "type": {
                    "ClrType": "System.Nullable`1[[System.Int64, System.Private.CoreLib]], System.Private.CoreLib"
                  }
                },
                {
                  "name": "completion_tokens",
                  "type": {
                    "ClrType": "System.Nullable`1[[System.Int64, System.Private.CoreLib]], System.Private.CoreLib"
                  }
                }
              ],
              "baseType": null
            },
            "detectedEntities": {
              "name": "detectedEntities",
              "properties": [
                {
                  "name": "identifier",
                  "type": {
                    "ClrType": "System.String, System.Private.CoreLib"
                  }
                },
                {
                  "name": "text",
                  "type": {
                    "ClrType": "System.String, System.Private.CoreLib"
                  }
                },
                {
                  "name": "confidenceScore",
                  "type": {
                    "ClrType": "System.Nullable`1[[System.Int64, System.Private.CoreLib]], System.Private.CoreLib"
                  }
                },
                {
                  "name": "category",
                  "type": {
                    "ClrType": "System.String, System.Private.CoreLib"
                  }
                }
              ],
              "baseType": null
            },
            "contextGroundingCitations": {
              "name": "contextGroundingCitations",
              "properties": [
                {
                  "name": "reference",
                  "type": {
                    "ClrType": "System.String, System.Private.CoreLib"
                  }
                },
                {
                  "name": "source",
                  "type": {
                    "ClrType": "System.String, System.Private.CoreLib"
                  }
                },
                {
                  "name": "page_number",
                  "type": {
                    "ClrType": "System.Nullable`1[[System.Int64, System.Private.CoreLib]], System.Private.CoreLib"
                  }
                }
              ],
              "baseType": null
            },
            "v2_sub_generateChatCompletion_Create": {
              "name": "v2_sub_generateChatCompletion_Create",
              "properties": [
                {
                  "name": "choices",
                  "type": {
                    "definitionName": "choices"
                  },
                  "isCollection": true,
                  "collectionGenericType": {
                    "ClrType": "System.Collections.Generic.List`1, System.Private.CoreLib"
                  }
                },
                {
                  "name": "usage",
                  "type": {
                    "definitionName": "usage"
                  }
                },
                {
                  "name": "detectedEntities",
                  "type": {
                    "definitionName": "detectedEntities"
                  },
                  "isCollection": true,
                  "collectionGenericType": {
                    "ClrType": "System.Collections.Generic.List`1, System.Private.CoreLib"
                  }
                },
                {
                  "name": "contextGroundingCitations",
                  "type": {
                    "definitionName": "contextGroundingCitations"
                  },
                  "isCollection": true,
                  "collectionGenericType": {
                    "ClrType": "System.Collections.Generic.List`1, System.Private.CoreLib"
                  }
                },
                {
                  "name": "created",
                  "type": {
                    "ClrType": "System.Nullable`1[[System.Int64, System.Private.CoreLib]], System.Private.CoreLib"
                  }
                },
                {
                  "name": "model",
                  "type": {
                    "ClrType": "System.String, System.Private.CoreLib"
                  }
                },
                {
                  "name": "id",
                  "type": {
                    "ClrType": "System.String, System.Private.CoreLib"
                  }
                },
                {
                  "name": "text",
                  "type": {
                    "ClrType": "System.String, System.Private.CoreLib"
                  },
                  "attributes": {
                    "values": [
                      {
                        "Type": {
                          "ClrType": "System.ComponentModel.CategoryAttribute, System.ComponentModel.Primitives"
                        },
                        "constructorArguments": [
                          {
                            "Value": "\"Simplified\"",
                            "type": {
                              "ClrType": "System.String, System.Private.CoreLib"
                            }
                          }
                        ],
                        "namedArguments": []
                      },
                      {
                        "Type": {
                          "ClrType": "System.ComponentModel.DataAnnotations.DisplayAttribute, System.ComponentModel.Annotations"
                        },
                        "constructorArguments": [],
                        "namedArguments": [
                          {
                            "name": "Order",
                            "value": {
                              "Value": "16",
                              "type": {
                                "ClrType": "System.Int32, System.Private.CoreLib"
                              }
                            }
                          }
                        ]
                      }
                    ]
                  }
                },
                {
                  "name": "_object",
                  "type": {
                    "ClrType": "System.String, System.Private.CoreLib"
                  },
                  "attributes": {
                    "values": [
                      {
                        "Type": {
                          "ClrType": "Newtonsoft.Json.JsonPropertyAttribute, Newtonsoft.Json"
                        },
                        "constructorArguments": [],
                        "namedArguments": [
                          {
                            "name": "PropertyName",
                            "value": {
                              "Value": "\"object\"",
                              "type": {
                                "ClrType": "System.String, System.Private.CoreLib"
                              }
                            }
                          }
                        ]
                      }
                    ]
                  }
                },
                {
                  "name": "maskedText",
                  "type": {
                    "ClrType": "System.String, System.Private.CoreLib"
                  },
                  "attributes": {
                    "values": [
                      {
                        "Type": {
                          "ClrType": "System.ComponentModel.CategoryAttribute, System.ComponentModel.Primitives"
                        },
                        "constructorArguments": [
                          {
                            "Value": "\"Simplified\"",
                            "type": {
                              "ClrType": "System.String, System.Private.CoreLib"
                            }
                          }
                        ],
                        "namedArguments": []
                      },
                      {
                        "Type": {
                          "ClrType": "System.ComponentModel.DataAnnotations.DisplayAttribute, System.ComponentModel.Annotations"
                        },
                        "constructorArguments": [],
                        "namedArguments": [
                          {
                            "name": "Order",
                            "value": {
                              "Value": "17",
                              "type": {
                                "ClrType": "System.Int32, System.Private.CoreLib"
                              }
                            }
                          }
                        ]
                      }
                    ]
                  }
                },
                {
                  "name": "contextGroundingCitationsString",
                  "type": {
                    "ClrType": "System.String, System.Private.CoreLib"
                  },
                  "attributes": {
                    "values": [
                      {
                        "Type": {
                          "ClrType": "System.ComponentModel.CategoryAttribute, System.ComponentModel.Primitives"
                        },
                        "constructorArguments": [
                          {
                            "Value": "\"Simplified\"",
                            "type": {
                              "ClrType": "System.String, System.Private.CoreLib"
                            }
                          }
                        ],
                        "namedArguments": []
                      }
                    ]
                  }
                }
              ],
              "baseType": null
            }
          },
          "version": 1
        }
      },
      "entityAssemblyKey": {
        "name": "UiPath.IntegrationService.Activities.SWEntities.C5FE343B9C4_v2_sub_generateChatCompletion_Create",
        "hash": "WURZQ0EydURWdHVvSVJpeXlsS2RvRGlMeDdnNncxUGI5N05EQlIzRzg5TFNBaHpJNjdvb2d2NDU4eHN2R3l6YWsxWDFodEJ3Y1BETGlmVUtSckFrRFE9PQ",
        "assemblyName": "C5FE343B9C4_v2_sub_g.6AWnB4qAFPO1Yq0dg4tF50D4"
      }
    },
    {
      "providerName": "CustomEntities",
      "bundleOptions": {
        "hash": "/mFSqj1N5TyV71zSrXn8FqIHdiReLHIdXCAiX7wRNut/mOwYjiO6IFBjol7SR4Msiz5U/LM8x1o8uCmttSjCew==",
        "bundleName": "C5FE343B9C4_v1_sub_objectminus_signdetection_Create",
        "entitiesBundle": {
          "Types": {
            "message": {
              "name": "message",
              "properties": [
                {
                  "name": "content",
                  "type": {
                    "ClrType": "System.String, System.Private.CoreLib"
                  }
                },
                {
                  "name": "role",
                  "type": {
                    "ClrType": "System.String, System.Private.CoreLib"
                  }
                }
              ],
              "baseType": null
            },
            "choices": {
              "name": "choices",
              "properties": [
                {
                  "name": "message",
                  "type": {
                    "definitionName": "message"
                  }
                },
                {
                  "name": "index",
                  "type": {
                    "ClrType": "System.Nullable`1[[System.Int64, System.Private.CoreLib]], System.Private.CoreLib"
                  }
                },
                {
                  "name": "finish_reason",
                  "type": {
                    "ClrType": "System.String, System.Private.CoreLib"
                  }
                }
              ],
              "baseType": null
            },
            "usage": {
              "name": "usage",
              "properties": [
                {
                  "name": "total_tokens",
                  "type": {
                    "ClrType": "System.Nullable`1[[System.Int64, System.Private.CoreLib]], System.Private.CoreLib"
                  }
                },
                {
                  "name": "completion_tokens",
                  "type": {
                    "ClrType": "System.Nullable`1[[System.Int64, System.Private.CoreLib]], System.Private.CoreLib"
                  }
                },
                {
                  "name": "prompt_tokens",
                  "type": {
                    "ClrType": "System.Nullable`1[[System.Int64, System.Private.CoreLib]], System.Private.CoreLib"
                  }
                }
              ],
              "baseType": null
            },
            "detectedObjects": {
              "name": "detectedObjects",
              "properties": [
                {
                  "name": "details",
                  "type": {
                    "ClrType": "System.String, System.Private.CoreLib"
                  }
                },
                {
                  "name": "name",
                  "type": {
                    "ClrType": "System.String, System.Private.CoreLib"
                  }
                },
                {
                  "name": "detected",
                  "type": {
                    "ClrType": "System.String, System.Private.CoreLib"
                  }
                }
              ],
              "baseType": null
            },
            "v1_sub_objectminus_signdetection_Create": {
              "name": "v1_sub_objectminus_signdetection_Create",
              "properties": [
                {
                  "name": "choices",
                  "type": {
                    "definitionName": "choices"
                  },
                  "isCollection": true,
                  "collectionGenericType": {
                    "ClrType": "System.Collections.Generic.List`1, System.Private.CoreLib"
                  }
                },
                {
                  "name": "usage",
                  "type": {
                    "definitionName": "usage"
                  }
                },
                {
                  "name": "detectedObjects",
                  "type": {
                    "definitionName": "detectedObjects"
                  },
                  "isCollection": true,
                  "collectionGenericType": {
                    "ClrType": "System.Collections.Generic.List`1, System.Private.CoreLib"
                  }
                },
                {
                  "name": "promptTokens",
                  "type": {
                    "ClrType": "System.Nullable`1[[System.Int64, System.Private.CoreLib]], System.Private.CoreLib"
                  }
                },
                {
                  "name": "model",
                  "type": {
                    "ClrType": "System.String, System.Private.CoreLib"
                  }
                },
                {
                  "name": "id",
                  "type": {
                    "ClrType": "System.String, System.Private.CoreLib"
                  }
                },
                {
                  "name": "text",
                  "type": {
                    "ClrType": "System.String, System.Private.CoreLib"
                  }
                },
                {
                  "name": "completionTokens",
                  "type": {
                    "ClrType": "System.Nullable`1[[System.Int64, System.Private.CoreLib]], System.Private.CoreLib"
                  }
                },
                {
                  "name": "created",
                  "type": {
                    "ClrType": "System.Nullable`1[[System.Int64, System.Private.CoreLib]], System.Private.CoreLib"
                  }
                },
                {
                  "name": "totalTokens",
                  "type": {
                    "ClrType": "System.Nullable`1[[System.Int64, System.Private.CoreLib]], System.Private.CoreLib"
                  }
                },
                {
                  "name": "detectedObjectNames",
                  "type": {
                    "ClrType": "System.String, System.Private.CoreLib"
                  },
                  "attributes": {
                    "values": [
                      {
                        "Type": {
                          "ClrType": "System.ComponentModel.CategoryAttribute, System.ComponentModel.Primitives"
                        },
                        "constructorArguments": [
                          {
                            "Value": "\"Simplified\"",
                            "type": {
                              "ClrType": "System.String, System.Private.CoreLib"
                            }
                          }
                        ],
                        "namedArguments": []
                      }
                    ]
                  },
                  "isCollection": true,
                  "collectionGenericType": {
                    "ClrType": "System.Collections.Generic.List`1, System.Private.CoreLib"
                  }
                },
                {
                  "name": "detectedObjectsString",
                  "type": {
                    "ClrType": "System.String, System.Private.CoreLib"
                  },
                  "attributes": {
                    "values": [
                      {
                        "Type": {
                          "ClrType": "System.ComponentModel.CategoryAttribute, System.ComponentModel.Primitives"
                        },
                        "constructorArguments": [
                          {
                            "Value": "\"Simplified\"",
                            "type": {
                              "ClrType": "System.String, System.Private.CoreLib"
                            }
                          }
                        ],
                        "namedArguments": []
                      }
                    ]
                  }
                },
                {
                  "name": "_object",
                  "type": {
                    "ClrType": "System.String, System.Private.CoreLib"
                  },
                  "attributes": {
                    "values": [
                      {
                        "Type": {
                          "ClrType": "Newtonsoft.Json.JsonPropertyAttribute, Newtonsoft.Json"
                        },
                        "constructorArguments": [],
                        "namedArguments": [
                          {
                            "name": "PropertyName",
                            "value": {
                              "Value": "\"object\"",
                              "type": {
                                "ClrType": "System.String, System.Private.CoreLib"
                              }
                            }
                          }
                        ]
                      }
                    ]
                  }
                }
              ],
              "baseType": null
            }
          },
          "version": 1
        }
      },
      "entityAssemblyKey": {
        "name": "UiPath.IntegrationService.Activities.SWEntities.C5FE343B9C4_v1_sub_objectminus_signdetection_Create",
        "hash": "L21GU3FqMU41VHlWNzF6U3JYbjhGcUlIZGlSZUxISWRYQ0FpWDd3Uk51dC9tT3dZamlPNklGQmpvbDdTUjRNc2l6NVUvTE04eDFvOHVDbXR0U2pDZXc9PQ",
        "assemblyName": "C5FE343B9C4_v1_sub_o.nwPgm3dlZ4R1i0qvuhbqqB2"
      }
    },
    {
      "providerName": "CustomEntities",
      "bundleOptions": {
        "hash": "O+Nj4YHQMgZwIF9LjLpxdqvZEkB/mvlbBz1GlQAbd3Xs8mFKJ0BoAa3xPJVpdLP7Y7eyrwu+6+gUC+bG3wO7rA==",
        "bundleName": "C5FE343B9C4_v1_sub_chat_sub_completion_Create",
        "entitiesBundle": {
          "Types": {
            "message": {
              "name": "message",
              "properties": [
                {
                  "name": "content",
                  "type": {
                    "ClrType": "System.String, System.Private.CoreLib"
                  }
                },
                {
                  "name": "role",
                  "type": {
                    "ClrType": "System.String, System.Private.CoreLib"
                  }
                }
              ],
              "baseType": null
            },
            "choices": {
              "name": "choices",
              "properties": [
                {
                  "name": "message",
                  "type": {
                    "definitionName": "message"
                  }
                },
                {
                  "name": "index",
                  "type": {
                    "ClrType": "System.Nullable`1[[System.Int64, System.Private.CoreLib]], System.Private.CoreLib"
                  }
                },
                {
                  "name": "finish_reason",
                  "type": {
                    "ClrType": "System.String, System.Private.CoreLib"
                  }
                }
              ],
              "baseType": null
            },
            "usage": {
              "name": "usage",
              "properties": [
                {
                  "name": "total_tokens",
                  "type": {
                    "ClrType": "System.Nullable`1[[System.Int64, System.Private.CoreLib]], System.Private.CoreLib"
                  }
                },
                {
                  "name": "prompt_tokens",
                  "type": {
                    "ClrType": "System.Nullable`1[[System.Int64, System.Private.CoreLib]], System.Private.CoreLib"
                  }
                },
                {
                  "name": "completion_tokens",
                  "type": {
                    "ClrType": "System.Nullable`1[[System.Int64, System.Private.CoreLib]], System.Private.CoreLib"
                  }
                }
              ],
              "baseType": null
            },
            "v1_sub_chat_sub_completion_Create": {
              "name": "v1_sub_chat_sub_completion_Create",
              "properties": [
                {
                  "name": "choices",
                  "type": {
                    "definitionName": "choices"
                  },
                  "isCollection": true,
                  "collectionGenericType": {
                    "ClrType": "System.Collections.Generic.List`1, System.Private.CoreLib"
                  }
                },
                {
                  "name": "usage",
                  "type": {
                    "definitionName": "usage"
                  }
                },
                {
                  "name": "created",
                  "type": {
                    "ClrType": "System.Nullable`1[[System.Int64, System.Private.CoreLib]], System.Private.CoreLib"
                  }
                },
                {
                  "name": "model",
                  "type": {
                    "ClrType": "System.String, System.Private.CoreLib"
                  }
                },
                {
                  "name": "id",
                  "type": {
                    "ClrType": "System.String, System.Private.CoreLib"
                  }
                },
                {
                  "name": "text",
                  "type": {
                    "ClrType": "System.String, System.Private.CoreLib"
                  },
                  "attributes": {
                    "values": [
                      {
                        "Type": {
                          "ClrType": "System.ComponentModel.CategoryAttribute, System.ComponentModel.Primitives"
                        },
                        "constructorArguments": [
                          {
                            "Value": "\"Simplified\"",
                            "type": {
                              "ClrType": "System.String, System.Private.CoreLib"
                            }
                          }
                        ],
                        "namedArguments": []
                      },
                      {
                        "Type": {
                          "ClrType": "System.ComponentModel.DataAnnotations.DisplayAttribute, System.ComponentModel.Annotations"
                        },
                        "constructorArguments": [],
                        "namedArguments": [
                          {
                            "name": "Order",
                            "value": {
                              "Value": "16",
                              "type": {
                                "ClrType": "System.Int32, System.Private.CoreLib"
                              }
                            }
                          }
                        ]
                      }
                    ]
                  }
                },
                {
                  "name": "_object",
                  "type": {
                    "ClrType": "System.String, System.Private.CoreLib"
                  },
                  "attributes": {
                    "values": [
                      {
                        "Type": {
                          "ClrType": "Newtonsoft.Json.JsonPropertyAttribute, Newtonsoft.Json"
                        },
                        "constructorArguments": [],
                        "namedArguments": [
                          {
                            "name": "PropertyName",
                            "value": {
                              "Value": "\"object\"",
                              "type": {
                                "ClrType": "System.String, System.Private.CoreLib"
                              }
                            }
                          }
                        ]
                      }
                    ]
                  }
                },
                {
                  "name": "totalTokens",
                  "type": {
                    "ClrType": "System.Nullable`1[[System.Int64, System.Private.CoreLib]], System.Private.CoreLib"
                  }
                },
                {
                  "name": "completionTokens",
                  "type": {
                    "ClrType": "System.Nullable`1[[System.Int64, System.Private.CoreLib]], System.Private.CoreLib"
                  }
                },
                {
                  "name": "promptTokens",
                  "type": {
                    "ClrType": "System.Nullable`1[[System.Int64, System.Private.CoreLib]], System.Private.CoreLib"
                  }
                }
              ],
              "baseType": null
            }
          },
          "version": 1
        }
      },
      "entityAssemblyKey": {
        "name": "UiPath.IntegrationService.Activities.SWEntities.C5FE343B9C4_v1_sub_chat_sub_completion_Create",
        "hash": "TytOajRZSFFNZ1p3SUY5TGpMcHhkcXZaRWtCL212bGJCejFHbFFBYmQzWHM4bUZLSjBCb0FhM3hQSlZwZExQN1k3ZXlyd3UrNitnVUMrYkczd083ckE9PQ",
        "assemblyName": "C5FE343B9C4_v1_sub_c.28fsSBUSzR1AFyBV46q0YI1"
      }
    },
    {
      "providerName": "CustomEntities",
      "bundleOptions": {
        "hash": "LpjiVaXI9f/KiHj7kWR6S3beI+x/2ajItrFDN9eXWbOFcZz6tOQXw4GStBAxFcc9A7WVqcUH9nXRgvsOUc9QFw==",
        "bundleName": "C5FE343B9C4_languageminus_signdetection_Create",
        "entitiesBundle": {
          "Types": {
            "languageminus_signdetection_Create": {
              "name": "languageminus_signdetection_Create",
              "properties": [
                {
                  "name": "confidenceScore",
                  "type": {
                    "ClrType": "System.Nullable`1[[System.Int64, System.Private.CoreLib]], System.Private.CoreLib"
                  }
                },
                {
                  "name": "language",
                  "type": {
                    "ClrType": "System.String, System.Private.CoreLib"
                  },
                  "attributes": {
                    "values": [
                      {
                        "Type": {
                          "ClrType": "System.ComponentModel.CategoryAttribute, System.ComponentModel.Primitives"
                        },
                        "constructorArguments": [
                          {
                            "Value": "\"Simplified\"",
                            "type": {
                              "ClrType": "System.String, System.Private.CoreLib"
                            }
                          }
                        ],
                        "namedArguments": []
                      },
                      {
                        "Type": {
                          "ClrType": "System.ComponentModel.DataAnnotations.DisplayAttribute, System.ComponentModel.Annotations"
                        },
                        "constructorArguments": [],
                        "namedArguments": [
                          {
                            "name": "Order",
                            "value": {
                              "Value": "1",
                              "type": {
                                "ClrType": "System.Int32, System.Private.CoreLib"
                              }
                            }
                          }
                        ]
                      }
                    ]
                  }
                },
                {
                  "name": "languageCode",
                  "type": {
                    "ClrType": "System.String, System.Private.CoreLib"
                  }
                }
              ],
              "baseType": null
            }
          },
          "version": 1
        }
      },
      "entityAssemblyKey": {
        "name": "UiPath.IntegrationService.Activities.SWEntities.C5FE343B9C4_languageminus_signdetection_Create",
        "hash": "THBqaVZhWEk5Zi9LaUhqN2tXUjZTM2JlSSt4LzJhakl0ckZETjllWFdiT0ZjWno2dE9RWHc0R1N0QkF4RmNjOUE3V1ZxY1VIOW5YUmd2c09VYzlRRnc9PQ",
        "assemblyName": "C5FE343B9C4_language.ktMKCpJZwQ1ymMtc2uSRM64"
      }
    },
    {
      "providerName": "CustomEntities",
      "bundleOptions": {
        "hash": "oU6qnr+JT49uA8eYk+YWcAerj/+mR2WIB3lg2+We5rWMLDn57At0FkH7NXyxMmXVwhQfUWKSaoJsVj22TeSqyQ==",
        "bundleName": "C5FE343B9C4_v1_sub_sentimentminus_signanalysis_Create",
        "entitiesBundle": {
          "Types": {
            "sentimentBreakdown": {
              "name": "sentimentBreakdown",
              "properties": [
                {
                  "name": "neutralStatements",
                  "type": {
                    "ClrType": "System.Nullable`1[[System.Int64, System.Private.CoreLib]], System.Private.CoreLib"
                  }
                },
                {
                  "name": "positiveStatements",
                  "type": {
                    "ClrType": "System.Nullable`1[[System.Int64, System.Private.CoreLib]], System.Private.CoreLib"
                  }
                },
                {
                  "name": "totalStatements",
                  "type": {
                    "ClrType": "System.Nullable`1[[System.Int64, System.Private.CoreLib]], System.Private.CoreLib"
                  }
                },
                {
                  "name": "negativeStatements",
                  "type": {
                    "ClrType": "System.Nullable`1[[System.Int64, System.Private.CoreLib]], System.Private.CoreLib"
                  }
                }
              ],
              "baseType": null
            },
            "overallSentiment": {
              "name": "overallSentiment",
              "properties": [
                {
                  "name": "label",
                  "type": {
                    "ClrType": "System.String, System.Private.CoreLib"
                  }
                },
                {
                  "name": "score",
                  "type": {
                    "ClrType": "System.Nullable`1[[System.Int64, System.Private.CoreLib]], System.Private.CoreLib"
                  }
                }
              ],
              "baseType": null
            },
            "sentimentAnalysis": {
              "name": "sentimentAnalysis",
              "properties": [
                {
                  "name": "sentimentBreakdown",
                  "type": {
                    "definitionName": "sentimentBreakdown"
                  }
                },
                {
                  "name": "overallSentiment",
                  "type": {
                    "definitionName": "overallSentiment"
                  }
                },
                {
                  "name": "analysis",
                  "type": {
                    "ClrType": "System.String, System.Private.CoreLib"
                  }
                },
                {
                  "name": "sentimentBreakdownStr",
                  "type": {
                    "ClrType": "System.String, System.Private.CoreLib"
                  }
                },
                {
                  "name": "confidenceLevel",
                  "type": {
                    "ClrType": "System.Nullable`1[[System.Int64, System.Private.CoreLib]], System.Private.CoreLib"
                  }
                },
                {
                  "name": "overallSentimentStr",
                  "type": {
                    "ClrType": "System.String, System.Private.CoreLib"
                  }
                },
                {
                  "name": "keyPhrasesStr",
                  "type": {
                    "ClrType": "System.String, System.Private.CoreLib"
                  },
                  "isCollection": true,
                  "collectionGenericType": {
                    "ClrType": "System.Collections.Generic.List`1, System.Private.CoreLib"
                  }
                },
                {
                  "name": "undertonesStr",
                  "type": {
                    "ClrType": "System.String, System.Private.CoreLib"
                  },
                  "isCollection": true,
                  "collectionGenericType": {
                    "ClrType": "System.Collections.Generic.List`1, System.Private.CoreLib"
                  }
                }
              ],
              "baseType": null
            },
            "usage": {
              "name": "usage",
              "properties": [
                {
                  "name": "total_tokens",
                  "type": {
                    "ClrType": "System.Nullable`1[[System.Int64, System.Private.CoreLib]], System.Private.CoreLib"
                  }
                },
                {
                  "name": "completion_tokens",
                  "type": {
                    "ClrType": "System.Nullable`1[[System.Int64, System.Private.CoreLib]], System.Private.CoreLib"
                  }
                },
                {
                  "name": "prompt_tokens",
                  "type": {
                    "ClrType": "System.Nullable`1[[System.Int64, System.Private.CoreLib]], System.Private.CoreLib"
                  }
                }
              ],
              "baseType": null
            },
            "v1_sub_sentimentminus_signanalysis_Create": {
              "name": "v1_sub_sentimentminus_signanalysis_Create",
              "properties": [
                {
                  "name": "sentimentAnalysis",
                  "type": {
                    "definitionName": "sentimentAnalysis"
                  }
                },
                {
                  "name": "usage",
                  "type": {
                    "definitionName": "usage"
                  }
                },
                {
                  "name": "promptTokens",
                  "type": {
                    "ClrType": "System.Nullable`1[[System.Int64, System.Private.CoreLib]], System.Private.CoreLib"
                  }
                },
                {
                  "name": "model",
                  "type": {
                    "ClrType": "System.String, System.Private.CoreLib"
                  }
                },
                {
                  "name": "id",
                  "type": {
                    "ClrType": "System.String, System.Private.CoreLib"
                  }
                },
                {
                  "name": "completionTokens",
                  "type": {
                    "ClrType": "System.Nullable`1[[System.Int64, System.Private.CoreLib]], System.Private.CoreLib"
                  }
                },
                {
                  "name": "method",
                  "type": {
                    "ClrType": "System.String, System.Private.CoreLib"
                  }
                },
                {
                  "name": "created",
                  "type": {
                    "ClrType": "System.Nullable`1[[System.Int64, System.Private.CoreLib]], System.Private.CoreLib"
                  }
                },
                {
                  "name": "_object",
                  "type": {
                    "ClrType": "System.String, System.Private.CoreLib"
                  },
                  "attributes": {
                    "values": [
                      {
                        "Type": {
                          "ClrType": "Newtonsoft.Json.JsonPropertyAttribute, Newtonsoft.Json"
                        },
                        "constructorArguments": [],
                        "namedArguments": [
                          {
                            "name": "PropertyName",
                            "value": {
                              "Value": "\"object\"",
                              "type": {
                                "ClrType": "System.String, System.Private.CoreLib"
                              }
                            }
                          }
                        ]
                      }
                    ]
                  }
                },
                {
                  "name": "totalTokens",
                  "type": {
                    "ClrType": "System.Nullable`1[[System.Int64, System.Private.CoreLib]], System.Private.CoreLib"
                  }
                }
              ],
              "baseType": null
            }
          },
          "version": 1
        }
      },
      "entityAssemblyKey": {
        "name": "UiPath.IntegrationService.Activities.SWEntities.C5FE343B9C4_v1_sub_sentimentminus_signanalysis_Create",
        "hash": "b1U2cW5yK0pUNDl1QThlWWsrWVdjQWVyai8rbVIyV0lCM2xnMitXZTVyV01MRG41N0F0MEZrSDdOWHl4TW1YVndoUWZVV0tTYW9Kc1ZqMjJUZVNxeVE9PQ",
        "assemblyName": "C5FE343B9C4_v1_sub_s.9i1gC16MohH1R8y7231Bddr1"
      }
    },
    {
      "providerName": "CustomEntities",
      "bundleOptions": {
        "hash": "TVwFSk89SFhU7jq/KzDB795y1xC19dzzcwb54P9dx+O7m1PUz3+Da8IE/+ofSxbONKih7TA0kVvtOnST47Br4A==",
        "bundleName": "C5FE343B9C4_signatureSimilarity_Create",
        "entitiesBundle": {
          "Types": {
            "usage": {
              "name": "usage",
              "properties": [
                {
                  "name": "total_tokens",
                  "type": {
                    "ClrType": "System.Nullable`1[[System.Int64, System.Private.CoreLib]], System.Private.CoreLib"
                  }
                },
                {
                  "name": "prompt_tokens",
                  "type": {
                    "ClrType": "System.Nullable`1[[System.Int64, System.Private.CoreLib]], System.Private.CoreLib"
                  }
                },
                {
                  "name": "completion_tokens",
                  "type": {
                    "ClrType": "System.Nullable`1[[System.Int64, System.Private.CoreLib]], System.Private.CoreLib"
                  }
                }
              ],
              "baseType": null
            },
            "signatureSimilarity_Create": {
              "name": "signatureSimilarity_Create",
              "properties": [
                {
                  "name": "usage",
                  "type": {
                    "definitionName": "usage"
                  }
                },
                {
                  "name": "created",
                  "type": {
                    "ClrType": "System.Nullable`1[[System.Int64, System.Private.CoreLib]], System.Private.CoreLib"
                  }
                },
                {
                  "name": "reasoning",
                  "type": {
                    "ClrType": "System.String, System.Private.CoreLib"
                  },
                  "attributes": {
                    "values": [
                      {
                        "Type": {
                          "ClrType": "System.ComponentModel.CategoryAttribute, System.ComponentModel.Primitives"
                        },
                        "constructorArguments": [
                          {
                            "Value": "\"Simplified\"",
                            "type": {
                              "ClrType": "System.String, System.Private.CoreLib"
                            }
                          }
                        ],
                        "namedArguments": []
                      },
                      {
                        "Type": {
                          "ClrType": "System.ComponentModel.DataAnnotations.DisplayAttribute, System.ComponentModel.Annotations"
                        },
                        "constructorArguments": [],
                        "namedArguments": [
                          {
                            "name": "Order",
                            "value": {
                              "Value": "3",
                              "type": {
                                "ClrType": "System.Int32, System.Private.CoreLib"
                              }
                            }
                          }
                        ]
                      }
                    ]
                  }
                },
                {
                  "name": "totalTokens",
                  "type": {
                    "ClrType": "System.Nullable`1[[System.Int64, System.Private.CoreLib]], System.Private.CoreLib"
                  }
                },
                {
                  "name": "score",
                  "type": {
                    "ClrType": "System.String, System.Private.CoreLib"
                  },
                  "attributes": {
                    "values": [
                      {
                        "Type": {
                          "ClrType": "System.ComponentModel.CategoryAttribute, System.ComponentModel.Primitives"
                        },
                        "constructorArguments": [
                          {
                            "Value": "\"Simplified\"",
                            "type": {
                              "ClrType": "System.String, System.Private.CoreLib"
                            }
                          }
                        ],
                        "namedArguments": []
                      },
                      {
                        "Type": {
                          "ClrType": "System.ComponentModel.DataAnnotations.DisplayAttribute, System.ComponentModel.Annotations"
                        },
                        "constructorArguments": [],
                        "namedArguments": [
                          {
                            "name": "Order",
                            "value": {
                              "Value": "1",
                              "type": {
                                "ClrType": "System.Int32, System.Private.CoreLib"
                              }
                            }
                          }
                        ]
                      }
                    ]
                  }
                },
                {
                  "name": "promptTokens",
                  "type": {
                    "ClrType": "System.Nullable`1[[System.Int64, System.Private.CoreLib]], System.Private.CoreLib"
                  }
                },
                {
                  "name": "model",
                  "type": {
                    "ClrType": "System.String, System.Private.CoreLib"
                  }
                },
                {
                  "name": "id",
                  "type": {
                    "ClrType": "System.String, System.Private.CoreLib"
                  }
                },
                {
                  "name": "completionTokens",
                  "type": {
                    "ClrType": "System.Nullable`1[[System.Int64, System.Private.CoreLib]], System.Private.CoreLib"
                  }
                },
                {
                  "name": "_object",
                  "type": {
                    "ClrType": "System.String, System.Private.CoreLib"
                  },
                  "attributes": {
                    "values": [
                      {
                        "Type": {
                          "ClrType": "Newtonsoft.Json.JsonPropertyAttribute, Newtonsoft.Json"
                        },
                        "constructorArguments": [],
                        "namedArguments": [
                          {
                            "name": "PropertyName",
                            "value": {
                              "Value": "\"object\"",
                              "type": {
                                "ClrType": "System.String, System.Private.CoreLib"
                              }
                            }
                          }
                        ]
                      }
                    ]
                  }
                }
              ],
              "baseType": null
            }
          },
          "version": 1
        }
      },
      "entityAssemblyKey": {
        "name": "UiPath.IntegrationService.Activities.SWEntities.C5FE343B9C4_signatureSimilarity_Create",
        "hash": "VFZ3RlNrODlTRmhVN2pxL0t6REI3OTV5MXhDMTlkenpjd2I1NFA5ZHgrTzdtMVBVejMrRGE4SUUvK29mU3hiT05LaWg3VEEwa1Z2dE9uU1Q0N0JyNEE9PQ",
        "assemblyName": "C5FE343B9C4_signatur.AXs7lOQw0J1QHKYQ39yCZy1"
      }
    }
  ]
}